{"UnitNumber": "smoething", "Cycle": 259, "OpSet1": 25.09843084929283, "OpSet2": 0.5066094504322473, "OpSet3": 78.36401396509056, "SensorMeasure1": 13.79553777748676, "SensorMeasure2": 15.127632211952362, "SensorMeasure3": 2388.9351715171097, "SensorMeasure4": 8430.045533681394, "SensorMeasure5": 1126.3557384729334, "SensorMeasure6": 14.550056456743505, "SensorMeasure7": 19.68257631034097, "SensorMeasure8": 442.18044721305023, "SensorMeasure9": 524.5817843423611, "SensorMeasure10": 673.2021365120937, "SensorMeasure11": 1442.9758399412128, "SensorMeasure12": 0.02423659716023496, "SensorMeasure13": 342.18229555717477, "SensorMeasure14": 8267.369288353711, "SensorMeasure15": 8.844151158794809, "SensorMeasure16": 505.8792425720461, "SensorMeasure17": 2251.818333853963, "SensorMeasure18": 1.1929157380673658, "SensorMeasure19": 40.90007378805037, "SensorMeasure20": 2155.962106259346, "SensorMeasure21": 100.21884334211914}
